--	--	--	--	--	--	--	--	--	--	--	--	--	--	--	--	--	--	--	--	--	--	--	--	--	--	--	--	--	--	--	--	--	--	--	--	--	--	--	--	--	--	--	--	--	--
Völuspá																																													
spá völvu																																													
 																																													
--	--	--	--	--	--	--	--	--	--	--	--	--	--	--	--	--	--	--	--	--	--	--	--	--	--	--	--	--	--	--	--	--	--	--	--	--	--	--	--	--	--	--	--	--	--
Hljóðs	bið	ek	allar	kindir	meiri	ok	minni	mögu	Heimdalar	vildu	að	ek	Valföðr	vel	fram	telja	forn	spjöll	fira	þau	er	fremst	um	man																					
Hljóðs	bið	ég	allar	ættir	meiri	og	minni	afkomenda	Heimdallar	vilt þú	að	ég	Valföður	vel	fram	telja	forn	sögur	kvikinda	þau	er	fremst 	um	man																					
 	 	 	 	 	 	 	 	 	 	 	 	 	 	 	 	 	 	 	 	 	 	 	 	 																					
--	--	--	--	--	--	--	--	--	--	--	--	--	--	--	--	--	--	--	--	--	--	--	--	--	--	--	--	--	--	--	--	--	--	--	--	--	--	--	--	--	--	--	--	--	--
Ek	man	jötna	ár	um	borna	þá	er	forðum	mik	fædda	höfðu	níu	man	ek	heima	níu	íviðjur	mjötvið	mæran	fyr	mold	neðan																							
Ég	man	jötna	að fornu	um 	fædda	þá	er	forðum	mig	fóstraða	höfðu	níu	man 	ég	heima	níu	tröllkonur	merkt tré 	ágætan	fyrir	mold	neðan																							
 	 	 	 	 	 	 	 	 	 	 	 	 	 	 	 	 	 	 	 	 	 	 																							
--	--	--	--	--	--	--	--	--	--	--	--	--	--	--	--	--	--	--	--	--	--	--	--	--	--	--	--	--	--	--	--	--	--	--	--	--	--	--	--	--	--	--	--	--	--
Ár	var	alda	þar	er	Ymir	byggði	var	a	sandr	né	sær	né	svalar	unnir	jörð	fannz	æva	né	upphiminn	gap	var	ginnunga	en	gras	hvergi																				
snemma	var	öld	þar	er	Ymir	byggði	var	ekki	sandur	né	sær	né 	svalar	bylgjur	jörð	fannst	hvergi	né	upphiminn	gap	var	ginnunga	en	gras	hvergi																				
 	 	 	 	 	 	 	 	 	 	 	 	 	 	 	 	 	 	 	 	 	 	 	 	 	 																				
--	--	--	--	--	--	--	--	--	--	--	--	--	--	--	--	--	--	--	--	--	--	--	--	--	--	--	--	--	--	--	--	--	--	--	--	--	--	--	--	--	--	--	--	--	--
Áðr	Burs	synir	bjöðum	um	yppðu	þeir	er	Miðgarð	mæran	skópu	sól	skein	sunnan	á	salar	steina	þá	var	grund	gróin	grænum	lauki																							
Fyrr en	Burs	synir	löndum	um	lyftu	þeir	er	Miðgarð	ágætan	sköpuðu	sól	skein	úr suðri	á	salar	steina	þá	var	grund 	gróin	grænum	lauki																							
 	 	 	 	 	 	 	 	 	 	 	 	 	 	 	 	 	 	 	 	 	 	 																							
--	--	--	--	--	--	--	--	--	--	--	--	--	--	--	--	--	--	--	--	--	--	--	--	--	--	--	--	--	--	--	--	--	--	--	--	--	--	--	--	--	--	--	--	--	--
Sól	varp	sunnan	sinni	mána	hendi	inni	hægri	um	himinjódýr	sól	það	né	vissi	hvar	hon	sali	átti	stjörnur	það	né	vissu	hvar	þær	staði	áttu	máni	það	né	vissi	hvað	hann	megins	átti												
Sól	varp	úr suðri	förunautur	mána	hendi	hinni	hægri	um	himinhesta	sól	það 	ekki	vissi	hvar	hún	sali	ætti	stjörnur	það	ekki	vissu	hvar	þær	staði	ættu	máni	það 	ekki	vissi	hvað	hann	mátt	átti												
 	 	 	 	 	 	 	 	 	 	 	 	 	 	 	 	 	 	 	 	 	 	 	 	 	 	 	 	 	 	 	 	 	 												
--	--	--	--	--	--	--	--	--	--	--	--	--	--	--	--	--	--	--	--	--	--	--	--	--	--	--	--	--	--	--	--	--	--	--	--	--	--	--	--	--	--	--	--	--	--
Þá	gengu	regin	öll	á	rökstóla	ginnheilög	goð	ok	um	það	gættuz	Nótt	ok	niðjum	nöfn	um	gáfu	morgin	hétu	ok	miðjan	dag	undorn	ok	aftan	árum	að	telja																	
Þá	gengu 	goð	öll	á	valdastóla	mjög heilög	goð	og	um	það	ráðguðust	Nótt	og	skyldmennum	nöfn	um	gáfu	morgun	hétu	og	miðjan 	dag	undorn (heiti - líklega nón (kl.3)	og	aftan	árum 	að 	telja																	
Then	sought	the	gods	their	assembly-seats	The	holy	ones	and	council	held	Names	then	gave	they	to	noon	and	twilight	Morning	they	named	and	the	waning	moon	Night	and																	
--	--	--	--	--	--	--	--	--	--	--	--	--	--	--	--	--	--	--	--	--	--	--	--	--	--	--	--	--	--	--	--	--	--	--	--	--	--	--	--	--	--	--	--	--	--
Hittuz	æsir	á	Iðavelli	þeir	er	hörg	ok	hof	hátimbruðu	afla	lögðu	auð	smíðuðu	tangir	skópu	ok	tól	gjörðu																											
Hittust	æsir	á 	iðgrænum velli	þeir	er	hof / blótstaður	og	hof	reistu 	eldstæði	lögðu	auð	smíðuðu	tangir	sköpuðu	og	tól	gerðu																											
 	 	 	 	 	 	 	 	 	 	 	 	 	 	 	 	 	 	 																											
--	--	--	--	--	--	--	--	--	--	--	--	--	--	--	--	--	--	--	--	--	--	--	--	--	--	--	--	--	--	--	--	--	--	--	--	--	--	--	--	--	--	--	--	--	--
Teflðu	í	túni	teitir	vóru	var	þeim	vettergis	vant	ór	gulli	unz	þrjár	kvómu	þursa	meyjar	ámáttkar	mjök	ór	jötunheimum																										
Telfdu	í	túni	glaðir	voru	var	þeim	einskis	vant	úr	gulli	uns	þrjár	komu	þursa	meyjar	fjandsamlegar	mjög	úr	jötunheimum 																										
 	 	 	 	 	 	 	 	 	 	 	 	 	 	 	 	 	 	 	 																										
--	--	--	--	--	--	--	--	--	--	--	--	--	--	--	--	--	--	--	--	--	--	--	--	--	--	--	--	--	--	--	--	--	--	--	--	--	--	--	--	--	--	--	--	--	--
Þá	gengu	regin	öll	á	rökstóla	ginnheilög	goð	ok	um	það	gættuz	hverr	skyldi	dverga	dróttin	skepja	ór	Brimis	blóði	ok	ór	blám	leggjum																						
þá	gengu	goð	öll	á	valdastóla	mjög heilög	goð	og	um	það	ráðguðust	hver	skyldi	dverga	drottinn	skapa	úr	Brimis / Ýmis	blóði	og	úr	bláum	leggjum																						
 	 	 	 	 	 	 	 	 	 	 	 	 	 	 	 	 	 	 	 	 	 	 	 																						
--	--	--	--	--	--	--	--	--	--	--	--	--	--	--	--	--	--	--	--	--	--	--	--	--	--	--	--	--	--	--	--	--	--	--	--	--	--	--	--	--	--	--	--	--	--
Þar	var	Mótsognir	mæztr	um	orðinn	dverga	allra	en	Durinn	annarr	þeir	mannlíkun	mörg	um	gjörðu	dvergar	ór	jörðu	sem	Durinn	sagði																								
Þar 	var	Mótsognir	mætastur	um	orðinn	dverga	allra	en 	Durinn	annar	þeir	mannlíkön	mörg	um 	gerðu	dvergar	úr	jörðu	sem 	Durinn	sagði																								
 	 	 	 	 	 	 	 	 	 	 	 	 	 	 	 	 	 	 	 	 	 																								
--	--	--	--	--	--	--	--	--	--	--	--	--	--	--	--	--	--	--	--	--	--	--	--	--	--	--	--	--	--	--	--	--	--	--	--	--	--	--	--	--	--	--	--	--	--
Nýi	ok	Niði	Norðri	ok	Suðri	Austri	ok	Vestri	Alþjófr	Dvalinn	Bífurr	Báfurr	Bömburr	Nóri	Án	ok	Ánarr	Ái	Mjöðvitnir																										
Nýi	og	Niði	Norðri	og	Suðri	Austri	og	Vestri	Alþjófur	Dvalinn	Bívör	Bávör	Bömbur	Nóri	Án	og	Ánar	Ái	Mjöðvitnir																										
 	 	 	 	 	 	 	 	 	 	 	 	 	 	 	 	 	 	 	 																										
--	--	--	--	--	--	--	--	--	--	--	--	--	--	--	--	--	--	--	--	--	--	--	--	--	--	--	--	--	--	--	--	--	--	--	--	--	--	--	--	--	--	--	--	--	--
Veigr	ok	Gandálfr	Vindálfr	Þráinn	Þekkr	ok	Þorinn	Þrór	Vitr	ok	Litr	Nár	ok	Nýráðr	nú	hefi	ek	dverga	Reginn	ok	Ráðsviðr	rétt	um	talða																					
Veigur	og 	Gandálfur	Vindálfur	Þráinn	Þekkur	og	Þorinn	Þrór	Vitur	og 	Litur	Nár	og	Nýráður	nú 	hefi	ég	dverga	Reginn	og	Ráðsviður	rétt	um	talda																					
 	 	 	 	 	 	 	 	 	 	 	 	 	 	 	 	 	 	 	 	 	 	 	 	 																					
--	--	--	--	--	--	--	--	--	--	--	--	--	--	--	--	--	--	--	--	--	--	--	--	--	--	--	--	--	--	--	--	--	--	--	--	--	--	--	--	--	--	--	--	--	--
Fíli	Kíli	Fundinn	Náli	Hefti	Víli	Hanarr	Sví	Frár	Hornbori	Frægr	ok	Lóni	Aurvangr	Jari	Eikinskjaldi																														
Fíli	Kíli	Fundinn	Náli	Hefti	Víli	Hannar	Svíur	Frár	Hornbori	Frægur	og	Lóni	Aurvangur	Jari	Eikinskjaldi																														
 	 	 	 	 	 	 	 	 	 	 	 	 	 	 	 																														
--	--	--	--	--	--	--	--	--	--	--	--	--	--	--	--	--	--	--	--	--	--	--	--	--	--	--	--	--	--	--	--	--	--	--	--	--	--	--	--	--	--	--	--	--	--
Mál	er	dverga	í	Dvalins	liði	ljóna	kindum	til	Lofars	telja	þeir	er	sóttu	frá	salar	steini	aurvanga	sjöt	til	Jöruvalla																									
Mál	er 	dverga	í 	Dvalins	liði	manna	ættum	til	Lofars	telja	þeir	er	sóttu	frá	salar	steini	Aurvangs	bústað	til	Jöruvalla																									
 	 	 	 	 	 	 	 	 	 	 	 	 	 	 	 	 	 	 	 	 																									
--	--	--	--	--	--	--	--	--	--	--	--	--	--	--	--	--	--	--	--	--	--	--	--	--	--	--	--	--	--	--	--	--	--	--	--	--	--	--	--	--	--	--	--	--	--
Þar	var	Draupnir	ok	Dólgþrasir	Hár	Haugspori	Hlévangr	Glói	Skirfir	Virfir	Skáfiðr	Ái	Álfr	ok	Yngvi	Eikinskjaldi	Fjalarr	ok	Frosti	Finnr	ok	Ginnarr	það	mun	uppi	meðan	öld	lifir	langniðja	tal	Lofars	hafað													
Þar	var 	Draupnir	og	Dólgþrasir	Hár	Haugspori	Hlévangur	Glói	Skirfir	Virfir	Skáfiður	Ái	Álfur	og	Yngvi	Eikinskjaldi	Fjalar 	og	Frosti	Finnur	og	Ginnar	það 	mun	uppi	meðan	öld 	lifir 	afkomenda í karllegg	tal	Lofars	haft													
 	 	 	 	 	 	 	 	 	 	 	 	 	 	 	 	 	 	 	 	 	 	 	 	 	 	 	 	 	 	 	 	 													
--	--	--	--	--	--	--	--	--	--	--	--	--	--	--	--	--	--	--	--	--	--	--	--	--	--	--	--	--	--	--	--	--	--	--	--	--	--	--	--	--	--	--	--	--	--
Unz	þrír	kvómu	ór	því	liði	öflgir	ok	ástgir	æsir	að	húsi	fundu	á	landi	lítt	megandi	Ask	ok	Emblu	örlöglausa	önd	þau	né	áttu	óð	þau	né	höfðu	lá	né	læti	né	litu	góða											
Uns	þrír	komu	úr	því	liði	öflugir	og	ástríkir	æsir	að	húsi	fundu	á	landi	lítt	megandi 	Ask	og	Emblu	örlagalaus	lífsanda	þau	ekki	áttu	sál	þau	ekki	höfðu	hár	né	rödd	né	yfirbragð	gott/ goða											
 	 	 	 	 	 	 	 	 	 	 	 	 	 	 	 	 	 	 	 	 	 	 	 	 	 	 	 	 	 	 	 	 	 	 											
--	--	--	--	--	--	--	--	--	--	--	--	--	--	--	--	--	--	--	--	--	--	--	--	--	--	--	--	--	--	--	--	--	--	--	--	--	--	--	--	--	--	--	--	--	--
Önd	gaf	Óðinn	óð	gaf	Hænir	lá	gaf	Lóðurr	ok	litu	góða																																		
Lífsanda	gaf	Óðinn	sál	gaf	Hænir	rödd	gaf	Lóður	og 	yfirbragð	gott / goða																																		
 	 	 	 	 	 	 	 	 	 	 	 																																		
--	--	--	--	--	--	--	--	--	--	--	--	--	--	--	--	--	--	--	--	--	--	--	--	--	--	--	--	--	--	--	--	--	--	--	--	--	--	--	--	--	--	--	--	--	--
Ask	veit	ek	standa	heitir	Yggdrasill	hár	baðmr	ausinn	hvítaauri	þaðan	koma	döggvar	þær	s	í	dala	falla	stendr	æ	yfir	grænn	Urðar	brunni																						
Ask	veit	ég 	stendur	heitir	Yggdrasill	hár	baðmur / tré	ausinn	hvítri leðju	þaðan	koma	daggir	þær	er	í	dali	falla	stendur	æ	yfir	grænn	Urðar	brunni																						
 	 	 	 	 	 	 	 	 	 	 	 	 	 	 	 	 	 	 	 	 	 	 	 																						
--	--	--	--	--	--	--	--	--	--	--	--	--	--	--	--	--	--	--	--	--	--	--	--	--	--	--	--	--	--	--	--	--	--	--	--	--	--	--	--	--	--	--	--	--	--
Þaðan	koma	meyjar	margs	vitandi	þrjár	ór	þeim	sæ	er	und	þolli	stendr	Urð	hétu	eina	aðra	Verðandi	skáru	á	skíði	Skuld	ina	þriðju																						
Þaðan	koma	meyjar	margs	vitandi	þrjár 	úr	þeim 	sæ	er 	undir	tré 	stendur	Urður	kölluðu menn	eina	aðra	Verðandi	ristu	á	fjöl	Skuld 	hina 	þriðju																						
 	 	 	 	 	 	 	 	 	 	 	 	 	 	 	 	 	 	 	 	 	 	 	 																						
--	--	--	--	--	--	--	--	--	--	--	--	--	--	--	--	--	--	--	--	--	--	--	--	--	--	--	--	--	--	--	--	--	--	--	--	--	--	--	--	--	--	--	--	--	--
Þær	lög	lögðu	þær	líf	kuru	alda	börnum	ör	seggja																																				
Þær	lög	ákvörðuðu	þær	líf	kusu	manna	börnum	örlög	manna																																				
 	 	 	 	 	 	 	 	 	 																																				
--	--	--	--	--	--	--	--	--	--	--	--	--	--	--	--	--	--	--	--	--	--	--	--	--	--	--	--	--	--	--	--	--	--	--	--	--	--	--	--	--	--	--	--	--	--
Það	man	hon	fólkvíg	fyrst	í	heimi	er	Gullveig	geirum	studdu	ok	í	höll	Hárs	hana	brenndu																													
það 	man	hún (völvan)	fólkvíg	fyrsta	í	heimi	er	Gullveig	geirum 	studdu	og 	í 	höll	Hárs	hana	brenndu																													
 	 	 	 	 	 	 	 	 	 	 	 	 	 	 	 	 																													
--	--	--	--	--	--	--	--	--	--	--	--	--	--	--	--	--	--	--	--	--	--	--	--	--	--	--	--	--	--	--	--	--	--	--	--	--	--	--	--	--	--	--	--	--	--
Þrysvar	brenndu	þrysvar	borna	oft	ósjaldan	þó	hon	enn	lifir																																				
Þrisvar	brenndu	þrisvar	borna	oft	ósjaldan	þó	hún	enn	lifir																																				
 	 	 	 	 	 	 	 	 	 																																				
--	--	--	--	--	--	--	--	--	--	--	--	--	--	--	--	--	--	--	--	--	--	--	--	--	--	--	--	--	--	--	--	--	--	--	--	--	--	--	--	--	--	--	--	--	--
Heiði	hana	hétu	hvar	s	til	húsa	kom	völu	velspá	vitti	hon	ganda	seið	hon	kunni	seið	hon	leikinn	æ	var	hon	angan	illrar	brúðar																					
Heiði	hana	kölluðu	hvar	er	til	húsa	kom	völu / völvu	spávísa	magnaði	hún	galdra	seið	hún	kunni	seið	hún	leikinn	æ	var 	hún 	eftirlæti	illrar	þjóðar																					
 	 	 	 	 	 	 	 	 	 	 	 	 	 	 	 	 	 	 	 	 	 	 	 	 																					
--	--	--	--	--	--	--	--	--	--	--	--	--	--	--	--	--	--	--	--	--	--	--	--	--	--	--	--	--	--	--	--	--	--	--	--	--	--	--	--	--	--	--	--	--	--
Þá	gengu	regin	öll	á	rökstóla	ginnheilög	goð	ok	um	það	gættuz	hvárt	skyldu	æsir	afráð	gjalda	eða	skyldu	goðin	öll	gildi	eiga																							
þá 	gengu	goð	öll	á	valdastóla	mjög heilög	goð 	og 	um 	það 	ráðguðust	hvort	skyldu	æsir	tjón	gjalda	eða	skyldu	goðin	öll	gildi	eiga																							
 	 	 	 	 	 	 	 	 	 	 	 	 	 	 	 	 	 	 	 	 	 	 																							
--	--	--	--	--	--	--	--	--	--	--	--	--	--	--	--	--	--	--	--	--	--	--	--	--	--	--	--	--	--	--	--	--	--	--	--	--	--	--	--	--	--	--	--	--	--
Fleygði	Óðinn	ok	í	fólk	um	skaut	það	var	enn	folkvíg	fyrst	í	heimi	brotinn	var	borðvegr	borgar	ása	knáttu	vanir	vígspá	völlu	sporna																						
Fleygði	Óðinn	og 	í	her	um	skaut	það	var	enn	orrusta	fyrst	í	heimi	brotinn	var	borðveggur, skíðgarður	borgar	ása	röskt	vanir	ófriðargaldur	völl	tróðu, fóru yfir																						
 	 	 	 	 	 	 	 	 	 	 	 	 	 	 	 	 	 	 	 	 	 	 	 																						
--	--	--	--	--	--	--	--	--	--	--	--	--	--	--	--	--	--	--	--	--	--	--	--	--	--	--	--	--	--	--	--	--	--	--	--	--	--	--	--	--	--	--	--	--	--
Þá	gengu	regin	öll	á	rökstóla	ginnheilög	goð	ok	um	það	gættuz	hverir	hefði	loft	allt	lævi	blandið	eða	ætt	jötuns	Óðs	mey	gefna																						
Þá	gengu	goð	öll	á	valdastóla	mjög heilög	goð	og	um 	það	ráðguðust	hverjir	hefðu	loft	allt	svikum	blandið	eða	ætt	jötuns	Óðs	mey	gefna																						
 	 	 	 	 	 	 	 	 	 	 	 	 	 	 	 	 	 	 	 	 	 	 	 																						
--	--	--	--	--	--	--	--	--	--	--	--	--	--	--	--	--	--	--	--	--	--	--	--	--	--	--	--	--	--	--	--	--	--	--	--	--	--	--	--	--	--	--	--	--	--
Þórr	einn	þar	var	þrunginn	móði	hann	sjaldan	sitr	er	hann	slíkt	um	fregn	á	genguz	eiðar	orð	ok	særi	mál	öll	meginlig	er	á	meðal	fóru																			
Þór	einn	þar	var	þrunginn	móði	hann	sjaldan	situr	er 	hann	slíkt	um	frétti	á	gengust	eiðar	orð	og	eiðar	mál	öll	mikilvæg	er	á 	milli	fóru																			
 	 	 	 	 	 	 	 	 	 	 	 	 	 	 	 	 	 	 	 	 	 	 	 	 	 	 																			
--	--	--	--	--	--	--	--	--	--	--	--	--	--	--	--	--	--	--	--	--	--	--	--	--	--	--	--	--	--	--	--	--	--	--	--	--	--	--	--	--	--	--	--	--	--
Veit	hon	Heimdalar	hljóð	um	fólgið	undir	heiðvönum	helgum	baðmi	á	sér	hon	ausaz	aurgum	forsi	af	veði	Valföðrs	vituð	ér	enn	eða	hvað																						
Veit	hún (völvan)	Heimdallar	hljóð	um	falið (hér: selt að veði)	undir	heiðvönum	helgum	tré	á	sér	hún	ausast	aurugum	fossi	af 	veði	Valföðurs	vitið	þér	enn	eða	hvað																						
 	 	 	 	 	 	 	 	 	 	 	 	 	 	 	 	 	 	 	 	 	 	 	 																						
--	--	--	--	--	--	--	--	--	--	--	--	--	--	--	--	--	--	--	--	--	--	--	--	--	--	--	--	--	--	--	--	--	--	--	--	--	--	--	--	--	--	--	--	--	--
Ein	sat	hon	úti	þá	er	inn	aldni	kom	yggjungr	ása	ok	í	augu	leit	Hvers	fregnið	mik	Hví	freistið	mín	Allt	veit	ek	Óðinn	hvar	þú	auga	falt	Í	inum	mæra	Mímis	brunni	Drekkr	mjöð	Mímir	morgin	hverjan	af	veði	Valföðrs	vituð	ér	enn	hvað
Ein	sat	hún	úti	þá	er	hinn	aldni	kom	yggjungur / sá sem eygir	ása	og	í 	augu	leit	Hvers	fréttið	mig	Hví	freistið þið	mín	Allt	veit 	ég 	Óðinn	hvar	þú	auga	fólst / faldir	í 	hinum	ágæta	Mímis	brunni	Drekkur	mjöð	Mímir	morgun	hverjan	af 	veði	Valföðurs	vitið	þér	enn	hvað
 	 	 	 	 	 	 	 	 	 	 	 	 	 	 	 	 	 	 	 	 	 	 	 	 	 	 	 	 	 	 	 	 	 	 	 	 	 	 	 	 	 	 	 	 	 
--	--	--	--	--	--	--	--	--	--	--	--	--	--	--	--	--	--	--	--	--	--	--	--	--	--	--	--	--	--	--	--	--	--	--	--	--	--	--	--	--	--	--	--	--	--
Valði	henni	Herföðr	hringa	ok	men	féspjöll	spaklig	ok	spáganda	sá	hon	vítt	ok	um	vítt	of	veröld	hverja																											
Valdi	henni	Herfaðir	hringa	og	men	fé, fræði	spakleg	og	spástaf	sá	hún	vítt	og	um	vítt	yfir	veröld	hverja																											
 	 	 	 	 	 	 	 	 	 	 	 	 	 	 	 	 	 	 																											
--	--	--	--	--	--	--	--	--	--	--	--	--	--	--	--	--	--	--	--	--	--	--	--	--	--	--	--	--	--	--	--	--	--	--	--	--	--	--	--	--	--	--	--	--	--
Sá	hon	valkyrjur	vítt	um	komnar	görvar	að	ríða	til	goðþjóðar	Skuld	helt	skildi	en	Skögul	önnur	Gunnr	Hildr	Göndul	ok	Geirskögul	Nú	eru	talðar	nönnur	Herjans	görvar	að	ríða	grund	valkyrjur														
Sá	hún	valkyrjur	vítt	um	komnar	tilbúnar	að	ríða	til	goðþjóðar	Skuld	hélt	skildi	en	Skögul	önnur	Gunnur	Hildur	Göndul	og	Geirskögul	Nú	eru	taldar	dísir	Herjans / Óðins	tilbúnar	að	ríða	grund	valkyrjur														
 	 	 	 	 	 	 	 	 	 	 	 	 	 	 	 	 	 	 	 	 	 	 	 	 	 	 	 	 	 	 	 														
--	--	--	--	--	--	--	--	--	--	--	--	--	--	--	--	--	--	--	--	--	--	--	--	--	--	--	--	--	--	--	--	--	--	--	--	--	--	--	--	--	--	--	--	--	--
Ek	sá	Baldri	blóðgum	tívur	Óðins	barni	örlög	fólgin	stóð	um	vaxinn	völlum	hæri	mjór	ok	mjök	fagr	mistilteinn																											
Ég 	sá	Baldri	blóðugum	goð	Óðins	barni	örlög	ráðin	stóð	um	vaxinn	völlum	hærri	mjór 	og	mjög	fagur	mistilteinn																											
 	 	 	 	 	 	 	 	 	 	 	 	 	 	 	 	 	 	 																											
--	--	--	--	--	--	--	--	--	--	--	--	--	--	--	--	--	--	--	--	--	--	--	--	--	--	--	--	--	--	--	--	--	--	--	--	--	--	--	--	--	--	--	--	--	--
Varð	af	þeim	meiði	er	mær	sýndiz	harmflaug	hættlig	Höðr	nam	skjóta	Baldrs	bróðir	var	of	borinn	snemma	sá	nam	Óðins	sonr	einnættr	vega																						
Varð 	af 	þeim	meiði	er	hættulaus	sýndist	flaug sem veldur harmi	hættuleg	Höður	nam	skjóta	Baldurs	bróðir	var 	af	borinn / fæddur	snemma	sá	nam	Óðins	sonur	ein-nættur / einnar nætur gamall	að vega																						
 	 	 	 	 	 	 	 	 	 	 	 	 	 	 	 	 	 	 	 	 	 	 	 																						
--	--	--	--	--	--	--	--	--	--	--	--	--	--	--	--	--	--	--	--	--	--	--	--	--	--	--	--	--	--	--	--	--	--	--	--	--	--	--	--	--	--	--	--	--	--
Þó	hann	æva	hendr	né	höfuð	kembði	áðr	á	bál	um	bar	Baldrs	andskota	en	Frigg	um	grét	í	Fensölum	vá	Valhallar	vituð	ér	enn	eða	hvað																			
Þvoði	hann	aldrei	hendur	né	höfuð	kembdi	áður en	á	bál	um	bar	Baldurs	banamann	en	Frigg	um	grét	í	Fensölum	voða	Valhallar	vitið	þér	enn	eða	hvað																			
 	 	 	 	 	 	 	 	 	 	 	 	 	 	 	 	 	 	 	 	 	 	 	 	 	 	 																			
--	--	--	--	--	--	--	--	--	--	--	--	--	--	--	--	--	--	--	--	--	--	--	--	--	--	--	--	--	--	--	--	--	--	--	--	--	--	--	--	--	--	--	--	--	--
Haft	sá	hon	liggja	undir	hvera	lundi	lægjarns	líki	Loka	áþekkjan	þar	sitr	Sigyn	þeygi	um	sínum	ver	velglýjuð	vituð	þér	enn	hvað																							
Fanga	sá	hún (völvan)	liggja	undir	hvera	svæði	lævís	líki	Loka	áþekkan	þar	situr	Sigyn	augum (líklega))	um	sínum (manni)	ver	dauf	vitið	þér	enn	hvað																							
 	 	 	 	 	 	 	 	 	 	 	 	 	 	 	 	 	 	 	 	 	 	 																							
--	--	--	--	--	--	--	--	--	--	--	--	--	--	--	--	--	--	--	--	--	--	--	--	--	--	--	--	--	--	--	--	--	--	--	--	--	--	--	--	--	--	--	--	--	--
Á	fellr	austan	um	eitrdala	söxum	ok	sverðum	Slíðr	heitir	sú	Stóð	fyr	norðan	á	Niðavöllum	salr	ór	gulli	Sindra	ættar	en	annarr	stóð	á	Ókólni	bjórsalr	jötuns	en	sá	Brimir	heitir														
Á	fellur	úr austri	um	eiturdali	söxum	og	sverðum	Slíður	heitir 	sú	Stóð	fyrir	norðan	á	Niðavöllum	salur	úr	gulli	Sindra (dvergs)	ættar	en 	annar	stóð	á 	þeim sem aldrei kólnar	drykkjusalur	jötuns	en	sá	Brimir	heitir														
 	 	 	 	 	 	 	 	 	 	 	 	 	 	 	 	 	 	 	 	 	 	 	 	 	 	 	 	 	 	 	 														
--	--	--	--	--	--	--	--	--	--	--	--	--	--	--	--	--	--	--	--	--	--	--	--	--	--	--	--	--	--	--	--	--	--	--	--	--	--	--	--	--	--	--	--	--	--
Sal	sá	hon	standa	sólu	fjarri	Náströndu	á	norðr	horfa	dyrr	fellu	eitrdropar	inn	um	ljóra	sá	er	undinn	salr	orma	hryggjum																								
Sal	sá	hún	standa	sólu	fjarri	Náströndu	á	norður	horfa	dyr	féllu	eiturdropar	inn	um	þakop	sá	er	þakinn	salur	orma	hryggjum																								
 	 	 	 	 	 	 	 	 	 	 	 	 	 	 	 	 	 	 	 	 	 																								
--	--	--	--	--	--	--	--	--	--	--	--	--	--	--	--	--	--	--	--	--	--	--	--	--	--	--	--	--	--	--	--	--	--	--	--	--	--	--	--	--	--	--	--	--	--
Sá	hon	þar	vaða	þunga	strauma	menn	meinsvara	ok	morðvarga	ok	þann	z	annars	glepr	eyrarúnu	þar	saug	Níðhöggr	nái	framgengna	sleit	vargr	vera	vituð	er	enn	eða	hvað																	
Sá	hún (völvan)	þar	vaða	þunga	strauma	menn	meinsæris	og	morðingja	og	þann	er	annars	afvegaleiðist	ástkonu	þar	saug	Níðhöggur	nái / lík	framgengna	sleit	vargur	menn	vitið	þér	enn	eða	hvað																	
 	 	 	 	 	 	 	 	 	 	 	 	 	 	 	 	 	 	 	 	 	 	 	 	 	 	 	 	 																	
--	--	--	--	--	--	--	--	--	--	--	--	--	--	--	--	--	--	--	--	--	--	--	--	--	--	--	--	--	--	--	--	--	--	--	--	--	--	--	--	--	--	--	--	--	--
Austr	sat	in	aldna	í	Járnviði	ok	fæddi	þar	Fenris	kindir	verðr	af	þeim	öllum	einna	nokkurr	tungls	tjúgari	í	trollz	hami																								
Í austri	sat 	hin	aldna	í 	Járnviði	og	fæddi	þar	Fenris	ættir	verður	af 	þeim	öllum	einn	sérstakur	tungls	tætari	í	trölls	hami																								
 	 	 	 	 	 	 	 	 	 	 	 	 	 	 	 	 	 	 	 	 	 																								
--	--	--	--	--	--	--	--	--	--	--	--	--	--	--	--	--	--	--	--	--	--	--	--	--	--	--	--	--	--	--	--	--	--	--	--	--	--	--	--	--	--	--	--	--	--
Fylliz	fjör	vi	feigra	manna	rýðr	ragna	sjöt	rauðum	dreyra	svart	var	þá	sólskin	of	sumur	eftir	veðr	öll	válynd	vituð	ér	hvað																							
Fyllist	lífskrafti	 	feigra	manna	roðnar	goða	bústaður	rauðu	blóði	svart	var	þá	sólskin	yfir	sumur	eftir	veður	öll	hættuleg	vitið	þér	hvað																							
 	 	 	 	 	 	 	 	 	 	 	 	 	 	 	 	 	 	 	 	 	 	 																							
--	--	--	--	--	--	--	--	--	--	--	--	--	--	--	--	--	--	--	--	--	--	--	--	--	--	--	--	--	--	--	--	--	--	--	--	--	--	--	--	--	--	--	--	--	--
Sat	þar	á	haugi	ok	sló	hörpu	gýgjar	hirðir	glaðr	Eggþér	gól	um	hánum	í	gaglviði	fagrrauðr	hani	sá	er	Fjalarr	heitir																								
Sat	þar 	á	haugi (gröfum víkinga)	og	sló	hörpu	tröllkonu	hirðir 	glaður	Eggþér	galaði	um	honum	í	Gaglviði (fuglaskógi)	fagurrauður	hani	sá	er	Fjalar	heitir																								
 	 	 	 	 	 	 	 	 	 	 	 	 	 	 	 	 	 	 	 	 	 																								
--	--	--	--	--	--	--	--	--	--	--	--	--	--	--	--	--	--	--	--	--	--	--	--	--	--	--	--	--	--	--	--	--	--	--	--	--	--	--	--	--	--	--	--	--	--
Gól	um	ásum	Gullinkambi	sá	vekr	hölða	að	Herjaföðrs	en	annarr	gelr	fyr	jörð	neðan	sótrauðr	hani	að	sölum	Heljar																										
Galaði	um	ásum	Gullinkambi	sá	vekur	hölda / menn	að	Herjaföðurs (Óðni)	en	annar	galar	fyrir	jörð	neðan	sótrauður	hani	að	sölum	Heljar																										
 	 	 	 	 	 	 	 	 	 	 	 	 	 	 	 	 	 	 	 																										
--	--	--	--	--	--	--	--	--	--	--	--	--	--	--	--	--	--	--	--	--	--	--	--	--	--	--	--	--	--	--	--	--	--	--	--	--	--	--	--	--	--	--	--	--	--
Geyr	Garmr	mjök	fyr	Gnipahelli	festr	mun	slitna	en	Fre	renna	fjölð	veit	hon	fræða	fram	sé	ek	lengra	um	ragna	rök	römm	sigtíva																						
Geltir	Garmur	mjög	fyrir	Gnipahelli	festar / bönd	munu	slitna	en	freki / úlfur	hlaupa	Fjöld	veit	hún (völvan)	fræða	fram	sé	ég	lengra	um	goða	örlög	römm	hergoða																						
 	 	 	 	 	 	 	 	 	 	 	 	 	 	 	 	 	 	 	 	 	 	 	 																						
--	--	--	--	--	--	--	--	--	--	--	--	--	--	--	--	--	--	--	--	--	--	--	--	--	--	--	--	--	--	--	--	--	--	--	--	--	--	--	--	--	--	--	--	--	--
Bræðr	munu	berjaz	ok	að	bönum	verða	munu	systrungar	sifjum	spilla	hart	er	í	heimi	hórdómr	mikill	skeggöld	skálmöld	skildir	ru	klofnir	vindöld	vargöld	áðr	veröld	steypiz	mun	engi	maðr	öðrum	þyrma														
Bræður	munu	berjast	og	að 	banamönnum	verða	munu	systrungar / systrasynir	fjölskylduböndum	spilla	hart	er 	í	heimi	hórdómur 	mikill	ófriðaröld (skegg = öxi)	sverðöld	skildir	eru	klofnir	stormasamir tímar	vargöld	áður	veröld	steypist	mun	enginn	maður	öðrum	þyrma / vægja														
 	 	 	 	 	 	 	 	 	 	 	 	 	 	 	 	 	 	 	 	 	 	 	 	 	 	 	 	 	 	 	 														
--	--	--	--	--	--	--	--	--	--	--	--	--	--	--	--	--	--	--	--	--	--	--	--	--	--	--	--	--	--	--	--	--	--	--	--	--	--	--	--	--	--	--	--	--	--
Leika	Míms	synir	en	mjötuðr	kyndiz	að	inu	galla	Gjallarhorni	hátt	blæss	Heimdallr	horn	er	á	lofti	mælir	Óðinn	við	Míms	höfuð	ymr	ið	aldna	tré	en	jötunn	losnar	skelfr	Yggdrasils	askr	standandi													
Leika	Mímis	synir	en	örlög	kyndast	að	hinu	hvella	Gjallarhorni	hátt	blæs	Heimdallur	horn	er 	á	lofti	mælir	Óðinn	við	Mímis	höfuð	stynur	hið	aldna	tré	en	jötunn	losnar	skelfur	Yggdrasils	askur	standandi													
 	 	 	 	 	 	 	 	 	 	 	 	 	 	 	 	 	 	 	 	 	 	 	 	 	 	 	 	 	 	 	 	 													
--	--	--	--	--	--	--	--	--	--	--	--	--	--	--	--	--	--	--	--	--	--	--	--	--	--	--	--	--	--	--	--	--	--	--	--	--	--	--	--	--	--	--	--	--	--
Geyr	nú	Garmr	mjök	fyr	Gnipahelli	festr	mun	slitna	en	Freki	renna	fjölð	veit	hon	fræða	fram	sé	ek	lengra	um	ragna	rök	römm	sigtíva																					
Geltir 	nú	Garmur	mjög	fyrir	Gnipahelli	festur / bönd	munu	slitna	en	Freki / úlfur	renna	fjöld	veit 	hún (völvan)	fræða	fram	sé	ég	lengra	um	goða	örlög	römm	hergoð																					
 	 	 	 	 	 	 	 	 	 	 	 	 	 	 	 	 	 	 	 	 	 	 	 	 																					
--	--	--	--	--	--	--	--	--	--	--	--	--	--	--	--	--	--	--	--	--	--	--	--	--	--	--	--	--	--	--	--	--	--	--	--	--	--	--	--	--	--	--	--	--	--
Hrymr	ekr	austan	hefiz	lind	fyr	snýz	jörmungandr	í	jötunmóði	ormr	knýr	unnir	en	ari	hlakkar	slítr	nái	neffölr	Naglfar	losnar																									
Hrymur 	ekur	austan	hefur	skjöld	fyrir sér	snýst	jörmungandur / miðgarðsormur	í	jötunmóði	ormur	lemur	öldur	en	örn	gargar	slítur	nái / lík	neffölur	Naglfari	losnar																									
 	 	 	 	 	 	 	 	 	 	 	 	 	 	 	 	 	 	 	 	 																									
--	--	--	--	--	--	--	--	--	--	--	--	--	--	--	--	--	--	--	--	--	--	--	--	--	--	--	--	--	--	--	--	--	--	--	--	--	--	--	--	--	--	--	--	--	--
Kjóll	ferr	austan	koma	munu	Múspellz	um	lög	lýðir	en	Loki	stýrir	fara	fífls	megir	með	freka	allir	þeim	er	bróðir	Býleifts	í	för																						
Skip	fer	úr austri	koma	munu	Múspells	yfir	sæ	lýðir	en	Loki	stýrir	fara	fífls	synir / afkomendur	með	úlfi	allir	þeim	er	bróðir	Býleifts	í	för																						
 	 	 	 	 	 	 	 	 	 	 	 	 	 	 	 	 	 	 	 	 	 	 	 																						
--	--	--	--	--	--	--	--	--	--	--	--	--	--	--	--	--	--	--	--	--	--	--	--	--	--	--	--	--	--	--	--	--	--	--	--	--	--	--	--	--	--	--	--	--	--
Hvað	er	með	ásum	Hvað	er	með	álfum	Gnýr	allr	jötunheimr	æsir	ru	á	þingi	stynja	dvergar	fyr	steindurum	veggbergs	vísir	vituð	ér	enn	hvað																					
Hvað	er	með	ásum	Hvað	er	með	álfum	Gnýr	allur	jötunheimur	æsir	eru	á	þingi	stynja	dvergar	fyrir	steindyrum	klettabelta	vísir	vitið	þér / þið	enn	hvað																					
 	 	 	 	 	 	 	 	 	 	 	 	 	 	 	 	 	 	 	 	 	 	 	 	 																					
--	--	--	--	--	--	--	--	--	--	--	--	--	--	--	--	--	--	--	--	--	--	--	--	--	--	--	--	--	--	--	--	--	--	--	--	--	--	--	--	--	--	--	--	--	--
Surtr	ferr	sunnan	með	sviga	lævi	skínn	af	sverði	sól	valtíva	grjótbjörg	gnata	en	gífr	rata	troða	halir	helveg	en	himinn	klofnar																								
Surtur	fer	úr suðri	með	viðar	svik	skín	af	sverði	sól	goða	grjótbjörg	skella saman	en	tröll	hrasa / falla	ganga	menn	helveg	en	himinn	klofnar																								
 	 	 	 	 	 	 	 	 	 	 	 	 	 	 	 	 	 	 	 	 	 																								
--	--	--	--	--	--	--	--	--	--	--	--	--	--	--	--	--	--	--	--	--	--	--	--	--	--	--	--	--	--	--	--	--	--	--	--	--	--	--	--	--	--	--	--	--	--
Þá	kjömr	Hlínar	harmr	annarr	fram	er	Óðinn	ferr	við	úlf	vega	en	bani	Belja	bjartr	að	Surti	þá	mun	Friggjar	falla	angan																							
Þá	kemur	Hlínar	harmur	annar	fram	er	Óðinn	fer	við	úlf	berjast	en	bani	Belja	bjartur	að	Surti	þá	mun	Friggjar	falla	eftirlæti																							
 	 	 	 	 	 	 	 	 	 	 	 	 	 	 	 	 	 	 	 	 	 	 																							
--	--	--	--	--	--	--	--	--	--	--	--	--	--	--	--	--	--	--	--	--	--	--	--	--	--	--	--	--	--	--	--	--	--	--	--	--	--	--	--	--	--	--	--	--	--
Þá	kjömr	inn	mikli	mögr	Sigföður	Víðarr	vega	að	valdýri	lætr	hann	megi	Hveðrungs	mund	um	standa	hjör	til	hjarta	þá	er	hefnt	föður																						
Þá	kemur	hinn	mikli	mögur / sonur	Sig	Víðar	vega	að	hrædýri / úlfi	lætur	hann	syni	Hveðrungs / Loka	hönd	um	standa	sverð	í	hjarta	þá	er	hefnt	föður																						
 	 	 	 	 	 	 	 	 	 	 	 	 	 	 	 	 	 	 	 	 	 	 	 																						
--	--	--	--	--	--	--	--	--	--	--	--	--	--	--	--	--	--	--	--	--	--	--	--	--	--	--	--	--	--	--	--	--	--	--	--	--	--	--	--	--	--	--	--	--	--
Þá	kjömr	inn	mæri	mögr	Hlöðynjar	gengr	Óðins	sonr	við	úlf	vega	drepr	hann	af	móði	Miðgarðs	véur	munu	halir	allir	heimstöð	ryðja	gengr	fet	níu	Fjörgynjar	burr	neppr	frá	naðri	níðs	ókvíðnum													
Þá	kemur	hinn	ágæti	sonur	Hlöðynjar / Jarðar	gengur	Óðins	sonur	við	úlf 	vega	drepur	hann	af	andardrætti / hugrekki	Miðgarðs	verndari	munu	menn	allir	hinn byggða heim	ryðja	gengur	fet	níu	Jarðar	sonur	feigur	frá	ormi	níðs	ókvíðinn													
 	 	 	 	 	 	 	 	 	 	 	 	 	 	 	 	 	 	 	 	 	 	 	 	 	 	 	 	 	 	 	 	 													
--	--	--	--	--	--	--	--	--	--	--	--	--	--	--	--	--	--	--	--	--	--	--	--	--	--	--	--	--	--	--	--	--	--	--	--	--	--	--	--	--	--	--	--	--	--
Sól	tér	sortna	sígr	fold	í	mar	hverfa	af	himni	heiðar	stjörnur	geisar	eimi	við	aldrnara	leikr	hár	hiti	við	himin	sjálfan																								
Sól	mun	sortna	sígur	jörð	í	haf	hverfa	af 	himni	heiðar	stjörnur	geisar	eldur	við	þann sem nærir lífið = askur yggdrasils	leikur	hár	hiti	við	himin	sjálfan																								
 	 	 	 	 	 	 	 	 	 	 	 	 	 	 	 	 	 	 	 	 	 																								
--	--	--	--	--	--	--	--	--	--	--	--	--	--	--	--	--	--	--	--	--	--	--	--	--	--	--	--	--	--	--	--	--	--	--	--	--	--	--	--	--	--	--	--	--	--
Geyr	nú	Garmr	mjök	fyr	Gnipahelli	festr	mun	slitna	en	freki	renna	fjölð	veit	hon	fræða	fram	sé	ek	lengra	um	ragna	rök	römm	sigtíva																					
Geltir	nú	Garmur	mjög	fyrir	Gnipahelli	festur / bönd	mun	slitna	en 	úlfur	hleypur 	fjöld	veit	hún	fræða	fram	sé	ég	lengra	um	goða	örlög	römm	hergoð																					
 	 	 	 	 	 	 	 	 	 	 	 	 	 	 	 	 	 	 	 	 	 	 	 	 																					
--	--	--	--	--	--	--	--	--	--	--	--	--	--	--	--	--	--	--	--	--	--	--	--	--	--	--	--	--	--	--	--	--	--	--	--	--	--	--	--	--	--	--	--	--	--
Sér	hon	upp	koma	öðru	sinni	jörð	ór	ægi	iðjagræna	falla	forsar	flýgr	örn	yfir	sá	er	á	fjalli	fiska	veiðir																									
Sér	hún	upp	koma	öðru	sinni	jörð	úr	sjó	mjög græna	falla	fossar	flýgur	örn	yfir	sá	er	á	fjalli	fiska	veiðir																									
 	 	 	 	 	 	 	 	 	 	 	 	 	 	 	 	 	 	 	 	 																									
--	--	--	--	--	--	--	--	--	--	--	--	--	--	--	--	--	--	--	--	--	--	--	--	--	--	--	--	--	--	--	--	--	--	--	--	--	--	--	--	--	--	--	--	--	--
Finnaz	æsir	á	Iðavelli	ok	um	moldþinur	máttkan	dæma	ok	minnaz	þar	á	megindóma	ok	á	Fimbultýs	fornar	rúnar																											
Finnast	æsir	á	Iðavelli / grænum velli	og	um	jarðstrengur = miðgarðsormur	máttugan	dæma	og	minnast	þar	á	dýpstu rök	og	á	Óðins	fornar	rúnir																											
 	 	 	 	 	 	 	 	 	 	 	 	 	 	 	 	 	 	 																											
--	--	--	--	--	--	--	--	--	--	--	--	--	--	--	--	--	--	--	--	--	--	--	--	--	--	--	--	--	--	--	--	--	--	--	--	--	--	--	--	--	--	--	--	--	--
Þar	munu	eftir	undrsamligar	gull	töflur	í	grasi	finnaz	þær	s	í	árdaga	áttar	höfðu																															
Þar	munu	seinna	undursamlegar	gull	töflur	í	grasi	finnast	þær	er	í	árdaga	áttar	voru																															
 	 	 	 	 	 	 	 	 	 	 	 	 	 	 																															
--	--	--	--	--	--	--	--	--	--	--	--	--	--	--	--	--	--	--	--	--	--	--	--	--	--	--	--	--	--	--	--	--	--	--	--	--	--	--	--	--	--	--	--	--	--
Munu	ósánir	akrar	vaxa	böls	mun	allz	batna	Baldr	mun	koma	búa	þeir	Höðr	ok	Baldr	Hrofts	sigtóftir	vel	valtívar	vituð	r	enn	hvað																						
Munu	ósánir	akrar	vaxa	böl	mun	allt	batna	Baldur	mun	koma	búa	þeir	Höður	og	Baldur	Óðins	bardagatóftir	vel	hergoð	vituð	þér	enn	hvað																						
 	 	 	 	 	 	 	 	 	 	 	 	 	 	 	 	 	 	 	 	 	 	 	 																						
--	--	--	--	--	--	--	--	--	--	--	--	--	--	--	--	--	--	--	--	--	--	--	--	--	--	--	--	--	--	--	--	--	--	--	--	--	--	--	--	--	--	--	--	--	--
Þá	kná	Hænir	hlautvið	kjósa	ok	byrir	byggja	bræðra	tveggja	vindheim	víðan	vituð	ér	enn	hvað																														
Þá	mun 	Hænir	blótspónn 	kjósa	og	synir	byggja	bræðra	tveggja	himinn	víðan	vitið	þér / þið	enn	hvað																														
 	 	 	 	 	 	 	 	 	 	 	 	 	 	 	 																														
--	--	--	--	--	--	--	--	--	--	--	--	--	--	--	--	--	--	--	--	--	--	--	--	--	--	--	--	--	--	--	--	--	--	--	--	--	--	--	--	--	--	--	--	--	--
Sal	sér	hon	standa	sólu	fegra	gulli	þakðan	á	Gimlé	Þar	skulu	dyggvar	dróttir	byggja	ok	um	aldrdaga	ynðis	njóta																										
Sal	sér	hún	standa	sólu	fegri	gulli	þakinn	á 	Gimlé	þar	skulu	dyggar	hirðir	byggja	og 	um 	aldurdaga	yndis	njóta																										
 	 	 	 	 	 	 	 	 	 	 	 	 	 	 	 	 	 	 	 																										
--	--	--	--	--	--	--	--	--	--	--	--	--	--	--	--	--	--	--	--	--	--	--	--	--	--	--	--	--	--	--	--	--	--	--	--	--	--	--	--	--	--	--	--	--	--
Þar	kjömr	inn	dimmi	dreki	fljúgandi	naðr	fránn	neðan	frá	Niðafjöllum	berr	sér	í	fjöðrum	flýgr	völl	yfir	Níðhöggr	nái	nú	mun	hon	sökkvaz																						
Þar	kemur	hinn	dimmi	dreki	fljúgandi	ormur	gljáandi	neðan	frá	Niðafjöllum	ber	sér	í	fjöðrum	flýgur	völl	yfir	Níðhöggur	nái / lík	nú 	mun	hún (völvan)	sökkvast																						
 	 	 	 	 	 	 	 	 	 	 	 	 	 	 	 	 	 	 	 	 	 	 	 																						
